userDistance,actionTaken
0.34592931045471387,true
0.3795839702538404,true
0.4531031440022431,true
0.7634521479728842,false
1.9415905783890173,false
2.1169554924130183,false
2.1792219793865253,true
3.8849910854094047,false
5.018971647416455,false
77.74729226895715,false
83.84345912654051,true
93.68572170668827,false
96.11539541821391,false
99.06107545730565,false
