userDistance       ,actionTaken
0.34592931045471387,false
0.34592931045471387,false
0.34592931045471387,true
0.3795839702538404 ,true
0.34592931045471387,true
0.34592931045471387,true
0.34592931045471387,false
0.34592931045471387,false
0.34592931045471387,true
